id,codId,confirmId,dropOffAddressId,pickupAddressId,receiverId,starId,typeId,collectedFromBusinessDate,createdAtDate,updatedAtDate,tracker
1,1,1,1,2,1,1,1,1971-02-19T15:56:17,2009-07-21T22:47:51,1998-03-16T09:01:34,67a660b8d10f70d47ebf1298
2,2,2,3,4,2,2,2,1988-10-24T00:12:15,1990-06-26T09:58:05,1986-04-22T00:52:14,67a660b8d10f70d47ebf12a2
3,3,3,5,6,3,3,3,2016-04-26T11:43:14,1994-10-21T23:42:11,1999-05-05T14:26:09,67a660b8d10f70d47ebf12ac
4,4,4,7,8,4,4,3,1974-02-01T06:01:37,2022-02-06T01:48:35,2014-01-04T11:07:59,67a660b8d10f70d47ebf12b6
5,5,5,9,10,5,5,1,2024-10-26T21:55:37,1990-05-04T03:54:40,2007-12-28T02:02:05,67a660b8d10f70d47ebf12c0
6,6,6,11,12,6,6,1,2005-06-24T19:04:18,1978-06-07T20:47:17,2022-10-30T01:14:04,67a660b8d10f70d47ebf12ca
7,7,7,13,14,7,7,2,2019-03-09T02:04:29,1993-11-16T22:18:19,2019-01-03T08:44:01,67a660b8d10f70d47ebf12d4
8,8,8,15,16,8,8,3,2024-08-20T23:55:25,2012-07-03T17:00:07,2001-04-21T19:39:28,67a660b8d10f70d47ebf12de
9,9,9,17,18,9,9,1,1993-03-19T16:50:54,1983-04-29T04:53:45,2012-01-05T18:25:30,67a660b8d10f70d47ebf12e8
10,10,10,19,20,10,10,3,2020-03-01T18:41:37,1970-12-23T12:24:54,1985-03-12T23:46:18,67a660b8d10f70d47ebf12f2
11,11,11,21,22,11,11,1,1978-10-04T17:42:09,2009-11-23T07:59:50,2018-07-09T10:00:07,67a660b8d10f70d47ebf12fc
12,12,12,23,24,12,12,1,2019-09-24T23:36:09,1972-03-21T11:31:32,1988-12-12T03:12:49,67a660b8d10f70d47ebf1306
13,13,13,25,26,13,13,3,1996-11-06T12:19:58,1999-10-12T03:02:33,2018-05-23T12:52:21,67a660b8d10f70d47ebf1310
14,14,14,27,28,14,14,3,1992-05-12T18:35:04,2024-01-09T02:50:23,2007-08-26T13:05:27,67a660b8d10f70d47ebf131a
15,15,15,29,30,15,15,1,2024-11-30T04:06:54,1974-11-17T18:31:46,1982-12-16T19:58:34,67a660b8d10f70d47ebf1324
16,16,16,31,32,16,16,1,2017-05-22T19:49:10,2008-07-15T22:50:38,1997-05-08T18:37:42,67a660b8d10f70d47ebf132e
17,17,17,33,34,17,17,1,2005-05-06T11:11:12,1983-04-05T03:56:40,1980-11-05T17:50:33,67a660b8d10f70d47ebf1338
18,18,18,35,36,18,18,2,1994-01-30T11:25:05,2006-03-19T13:53:11,2003-03-15T04:26:21,67a660b8d10f70d47ebf1342
19,19,19,37,38,19,19,3,1971-08-28T04:19:25,1970-05-11T15:39:55,1989-04-16T12:53:22,67a660b8d10f70d47ebf134c
20,20,20,39,40,20,20,1,1981-11-11T05:15:53,2014-06-25T23:56:19,1994-07-30T12:26:29,67a660b8d10f70d47ebf1356
21,21,21,41,42,21,21,2,2006-09-21T23:21:55,1972-02-03T10:02:07,2010-03-06T13:50:46,67a660b8d10f70d47ebf1360
22,22,22,43,44,22,22,2,2019-10-08T05:26:59,1973-07-29T00:57:20,2015-07-19T02:53:37,67a660b8d10f70d47ebf136a
23,23,23,45,46,23,23,3,1978-11-15T17:19:06,1977-06-05T13:17:45,1982-11-17T04:52:40,67a660b8d10f70d47ebf1374
24,24,24,47,48,24,24,3,1998-02-18T15:34:02,1985-10-06T04:13:07,1988-06-02T17:45:31,67a660b8d10f70d47ebf137e
25,25,25,49,50,25,25,1,1970-06-30T03:03:19,1989-03-26T15:05:17,1998-05-24T13:14:33,67a660b8d10f70d47ebf1388
26,26,26,51,52,26,26,2,1997-02-04T18:28:08,2020-12-29T12:24:59,1998-08-03T01:49:48,67a660b8d10f70d47ebf1392
27,27,27,53,54,27,27,1,1972-05-11T08:33:17,2018-09-10T17:23:12,2014-03-15T11:49:30,67a660b8d10f70d47ebf139c
28,28,28,55,56,28,28,2,1977-02-10T05:01:05,1983-10-26T23:44:11,2005-11-29T10:12:56,67a660b8d10f70d47ebf13a6
29,29,29,57,58,29,29,1,1975-06-29T09:26:31,2005-11-11T01:40:12,2020-10-17T20:31:37,67a660b8d10f70d47ebf13b0
30,30,30,59,60,30,30,2,2020-09-14T08:57:10,1997-03-15T13:08:50,1978-03-04T14:16:53,67a660b8d10f70d47ebf13ba
31,31,31,61,62,31,31,2,1982-01-04T15:45:24,2017-09-10T19:06:20,1989-07-03T21:20:10,67a660b8d10f70d47ebf13c4
32,32,32,63,64,32,32,2,2004-03-20T11:26:54,1974-11-08T20:29:40,1997-04-05T20:21:04,67a660b8d10f70d47ebf13ce
33,33,33,65,66,33,33,1,1970-02-01T12:41:00,1970-08-15T09:01:41,2015-09-30T13:55:28,67a660b8d10f70d47ebf13d8
34,34,34,67,68,34,34,1,1978-10-05T00:35:40,1997-08-20T08:30:42,1975-04-08T23:17:01,67a660b8d10f70d47ebf13e2
35,35,35,69,70,35,35,3,1986-01-07T11:32:42,1999-09-22T13:23:02,1992-11-18T02:32:53,67a660b8d10f70d47ebf13ec
36,36,36,71,72,36,36,2,1992-08-10T10:28:39,1977-07-10T07:25:02,2001-08-19T02:11:04,67a660b8d10f70d47ebf13f6
37,37,37,73,74,37,37,1,2002-04-19T02:09:29,2020-05-13T12:20:24,1995-12-15T04:08:19,67a660b8d10f70d47ebf1400
38,38,38,75,76,38,38,1,1989-06-05T05:37:25,1993-10-13T09:00:37,2021-03-07T00:55:07,67a660b8d10f70d47ebf140a
39,39,39,77,78,39,39,3,1987-04-18T03:42:50,1974-07-28T05:42:10,2018-03-31T12:08:49,67a660b8d10f70d47ebf1414
40,40,40,79,80,40,40,1,1973-05-02T07:07:40,1970-10-12T10:14:36,2000-09-25T17:50:02,67a660b8d10f70d47ebf141e
41,41,41,81,82,41,41,2,2012-12-11T12:02:40,2018-04-20T13:00:12,2023-09-16T21:55:47,67a660b8d10f70d47ebf1428
42,42,42,83,84,42,42,2,2009-12-15T14:17:02,2006-04-26T21:15:49,2009-06-04T11:38:40,67a660b8d10f70d47ebf1432
43,43,43,85,86,43,43,1,1996-09-02T15:12:52,1988-07-13T21:06:00,1981-11-05T23:22:07,67a660b8d10f70d47ebf143c
44,44,44,87,88,44,44,1,2003-10-30T12:46:16,2020-09-11T21:57:36,2013-06-30T08:36:19,67a660b8d10f70d47ebf1446
45,45,45,89,90,45,45,3,1978-06-04T04:40:36,2001-02-05T06:18:43,2004-06-24T20:23:48,67a660b8d10f70d47ebf1450
46,46,46,91,92,46,46,2,2011-08-22T05:52:24,1972-02-02T08:54:08,2008-12-25T19:51:58,67a660b8d10f70d47ebf145a
47,47,47,93,94,47,47,2,1989-08-29T05:35:17,1995-12-25T02:59:28,2009-12-18T20:43:32,67a660b8d10f70d47ebf1464
48,48,48,95,96,48,48,1,1983-08-16T20:42:22,1990-02-07T18:39:29,1988-05-06T11:21:56,67a660b8d10f70d47ebf146e
49,49,49,97,98,49,49,3,2018-12-03T22:07:32,2015-03-31T01:44:10,2007-07-26T23:48:43,67a660b8d10f70d47ebf1478
50,50,50,99,100,50,50,3,2017-05-02T20:39:43,1984-01-29T02:26:29,1997-06-05T02:05:27,67a660b8d10f70d47ebf1482
51,51,51,101,102,51,51,1,1975-10-22T06:36:32,2024-12-14T03:54:41,1988-06-03T12:58:03,67a660b8d10f70d47ebf148c
52,52,52,103,104,52,52,3,1992-11-24T04:56:32,1976-01-02T15:12:13,2021-05-01T16:54:12,67a660b8d10f70d47ebf1496
53,53,53,105,106,53,53,1,1980-12-18T12:03:33,1990-06-16T07:03:20,1981-05-04T03:36:32,67a660b8d10f70d47ebf14a0
54,54,54,107,108,54,54,3,1984-03-28T03:33:46,2008-02-15T05:36:13,2002-01-02T22:25:22,67a660b8d10f70d47ebf14aa
55,55,55,109,110,55,55,3,2018-03-08T04:47:55,1993-12-21T18:00:11,2009-10-19T06:43:22,67a660b8d10f70d47ebf14b4
56,56,56,111,112,56,56,1,1990-05-17T00:39:01,2020-09-05T14:10:20,1974-05-14T03:45:55,67a660b8d10f70d47ebf14be
57,57,57,113,114,57,57,2,1977-06-19T16:25:32,2009-09-19T18:00:56,1983-04-19T01:05:35,67a660b8d10f70d47ebf14c8
58,58,58,115,116,58,58,2,2001-10-31T18:30:56,2021-08-23T18:51:08,1991-03-16T21:40:43,67a660b8d10f70d47ebf14d2
59,59,59,117,118,59,59,1,2000-07-04T08:20:40,1987-06-05T01:40:13,2000-04-14T05:37:27,67a660b8d10f70d47ebf14dc
60,60,60,119,120,60,60,2,1999-05-12T18:58:40,2024-11-26T18:20:48,1976-08-15T12:59:44,67a660b8d10f70d47ebf14e6
61,61,61,121,122,61,61,1,1981-01-01T18:39:34,2015-03-23T07:45:56,1995-09-21T10:24:54,67a660b8d10f70d47ebf14f0
62,62,62,123,124,62,62,2,1971-01-18T17:44:35,1973-11-11T09:54:39,2001-12-19T03:58:10,67a660b8d10f70d47ebf14fa
63,63,63,125,126,63,63,2,1998-10-15T22:34:37,2018-03-04T16:51:24,2018-07-26T01:02:18,67a660b8d10f70d47ebf1504
64,64,64,127,128,64,64,2,2015-10-20T00:45:26,1992-03-05T06:42:35,1993-12-15T19:03:14,67a660b8d10f70d47ebf150e
65,65,65,129,130,65,65,2,1999-01-15T05:04:41,1994-12-04T16:59:35,1990-10-31T04:37:09,67a660b8d10f70d47ebf1518
66,66,66,131,132,66,66,3,1986-11-04T01:18:07,1994-09-28T14:41:41,1986-07-02T03:45:13,67a660b8d10f70d47ebf1522
67,67,67,133,134,67,67,2,1980-10-27T13:42:15,1996-01-28T01:55:01,1996-04-19T08:49:39,67a660b8d10f70d47ebf152c
68,68,68,135,136,68,68,3,1988-09-28T23:00:31,1970-12-16T14:23:18,2001-02-24T23:24:42,67a660b8d10f70d47ebf1536
69,69,69,137,138,69,69,3,2006-06-02T08:29:13,1980-08-18T05:41:56,2003-11-07T23:10:33,67a660b8d10f70d47ebf1540
70,70,70,139,140,70,70,3,1984-05-02T15:12:00,2002-01-04T18:50:42,2012-02-08T23:19:05,67a660b8d10f70d47ebf154a
71,71,71,141,142,71,71,1,2008-02-19T17:00:30,1997-01-23T11:12:15,1987-06-12T02:21:04,67a660b8d10f70d47ebf1554
72,72,72,143,144,72,72,1,2020-08-24T11:54:04,1987-07-31T22:24:58,2021-03-14T12:32:57,67a660b8d10f70d47ebf155e
73,73,73,145,146,73,73,3,1980-12-20T10:18:08,2025-01-06T14:55:10,1996-06-12T23:54:29,67a660b8d10f70d47ebf1568
74,74,74,147,148,74,74,3,2019-06-02T08:52:13,2018-10-26T14:30:59,2000-12-21T13:10:36,67a660b8d10f70d47ebf1572
75,75,75,149,150,75,75,1,1973-02-16T09:01:19,1987-01-25T15:06:35,1988-10-23T15:13:07,67a660b8d10f70d47ebf157c
76,76,76,151,152,76,76,3,1979-07-25T02:18:33,1973-02-24T14:19:05,2014-09-09T15:14:58,67a660b8d10f70d47ebf1586
77,77,77,153,154,77,77,2,1988-12-09T15:29:25,2009-05-19T11:16:27,1980-04-05T04:59:09,67a660b8d10f70d47ebf1590
78,78,78,155,156,78,78,2,1992-01-18T10:08:25,1985-10-04T15:54:06,2017-12-24T20:41:13,67a660b8d10f70d47ebf159a
79,79,79,157,158,79,79,2,1970-11-25T08:04:31,2024-06-27T12:16:15,1970-07-07T20:57:41,67a660b8d10f70d47ebf15a4
80,80,80,159,160,80,80,3,2024-12-07T03:24:23,1973-02-16T22:10:45,2024-08-11T07:20:13,67a660b8d10f70d47ebf15ae
81,81,81,161,162,81,81,3,2018-01-25T07:21:42,2010-11-09T13:02:12,1982-09-29T17:58:19,67a660b8d10f70d47ebf15b8
82,82,82,163,164,82,82,1,1980-08-28T16:31:51,2021-02-18T21:45:28,1974-08-29T00:26:29,67a660b8d10f70d47ebf15c2
83,83,83,165,166,83,83,2,1989-11-23T09:28:26,2011-01-31T11:03:05,1973-03-19T07:46:56,67a660b8d10f70d47ebf15cc
84,84,84,167,168,84,84,2,1993-09-28T14:13:11,1992-01-02T07:47:31,2024-09-27T11:40:54,67a660b8d10f70d47ebf15d6
85,85,85,169,170,85,85,1,1988-01-20T00:44:01,1994-12-06T14:18:18,2021-06-17T03:43:09,67a660b8d10f70d47ebf15e0
86,86,86,171,172,86,86,2,2009-12-01T10:51:18,1995-06-29T10:06:29,2021-03-20T02:35:58,67a660b8d10f70d47ebf15ea
87,87,87,173,174,87,87,2,1971-04-26T06:11:41,1973-05-28T15:55:36,2017-11-02T02:52:41,67a660b8d10f70d47ebf15f4
88,88,88,175,176,88,88,1,1989-12-17T16:57:02,2010-11-10T07:06:56,2003-01-27T17:26:02,67a660b8d10f70d47ebf15fe
89,89,89,177,178,89,89,2,1991-04-26T10:15:34,2020-07-12T06:59:27,2006-12-14T16:33:11,67a660b8d10f70d47ebf1608
90,90,90,179,180,90,90,1,1974-09-06T18:34:33,1992-10-30T20:24:31,1976-01-04T14:59:11,67a660b8d10f70d47ebf1612
91,91,91,181,182,91,91,2,2011-03-21T07:38:29,2014-08-15T00:07:04,1980-05-29T22:28:41,67a660b8d10f70d47ebf161c
92,92,92,183,184,92,92,3,1971-02-20T00:18:15,1998-12-03T20:57:24,1970-10-17T18:05:39,67a660b8d10f70d47ebf1626
93,93,93,185,186,93,93,3,2024-06-22T22:08:20,1988-05-05T10:55:22,2000-10-20T11:55:10,67a660b8d10f70d47ebf1630
94,94,94,187,188,94,94,3,1970-03-01T11:15:54,1996-10-20T21:11:46,1986-11-14T12:46:58,67a660b8d10f70d47ebf163a
95,95,95,189,190,95,95,3,1990-12-04T13:15:16,2009-08-30T11:14:40,2008-08-14T00:37:56,67a660b8d10f70d47ebf1644
96,96,96,191,192,96,96,2,1989-02-15T09:11:07,2022-06-13T22:44:40,1983-05-15T20:19:20,67a660b8d10f70d47ebf164e
97,97,97,193,194,97,97,2,1984-05-20T09:51:45,2003-04-23T14:51:34,2007-12-30T22:14:11,67a660b8d10f70d47ebf1658
98,98,98,195,196,98,98,2,2016-04-23T12:14:56,2008-06-28T04:20:05,2023-08-19T14:59:49,67a660b8d10f70d47ebf1662
99,99,99,197,198,99,99,3,2004-07-17T13:05:02,1988-11-28T06:32:14,1998-05-28T03:00:29,67a660b8d10f70d47ebf166c
100,100,100,199,200,100,100,1,2001-06-16T15:59:23,1972-11-03T19:51:46,2013-12-20T09:22:48,67a660b8d10f70d47ebf1676
101,101,101,201,202,101,101,3,1997-05-24T02:26:01,1998-01-05T00:09:50,1995-01-11T02:02:25,67a660b8d10f70d47ebf1680
102,102,102,203,204,102,102,2,2022-11-21T16:23:15,2009-04-16T11:35:57,1999-08-12T22:40:31,67a660b8d10f70d47ebf168a
103,103,103,205,206,103,103,3,2009-04-23T06:33:34,1984-03-08T22:56:48,2005-07-16T06:13:59,67a660b8d10f70d47ebf1694
104,104,104,207,208,104,104,1,2012-04-10T12:29:29,2017-07-13T22:51:37,1971-02-13T20:55:52,67a660b8d10f70d47ebf169e
105,105,105,209,210,105,105,2,1988-05-14T13:03:24,2009-11-13T10:58:23,1998-03-14T23:27:34,67a660b8d10f70d47ebf16a8
106,106,106,211,212,106,106,2,1992-12-12T14:39:47,1981-03-24T02:59:46,1983-01-21T23:14:06,67a660b8d10f70d47ebf16b2
107,107,107,213,214,107,107,2,1996-11-24T10:45:25,1974-08-30T22:56:39,2022-09-25T15:14:16,67a660b8d10f70d47ebf16bc
108,108,108,215,216,108,108,3,2015-05-13T04:47:51,2002-06-26T12:42:37,1996-03-27T02:07:09,67a660b8d10f70d47ebf16c6
109,109,109,217,218,109,109,1,2003-10-20T23:36:40,2000-05-11T05:32:00,2005-04-01T05:37:20,67a660b8d10f70d47ebf16d0
110,110,110,219,220,110,110,2,1994-07-30T08:21:04,2011-02-20T21:33:54,2007-04-04T01:52:51,67a660b8d10f70d47ebf16da
111,111,111,221,222,111,111,3,2024-05-30T01:28:05,2017-05-17T00:44:59,1971-07-14T00:43:27,67a660b8d10f70d47ebf16e4
112,112,112,223,224,112,112,3,2010-10-28T21:38:40,1996-10-15T01:09:44,2014-09-19T13:59:54,67a660b8d10f70d47ebf16ee
113,113,113,225,226,113,113,2,2000-07-07T23:18:24,2014-04-02T17:26:07,1999-06-14T15:50:21,67a660b8d10f70d47ebf16f8
114,114,114,227,228,114,114,1,2005-09-06T07:20:03,2003-07-29T16:54:03,1990-06-24T08:53:11,67a660b8d10f70d47ebf1702
115,115,115,229,230,115,115,2,1989-11-11T10:36:17,1996-03-28T14:09:18,2014-06-20T01:06:28,67a660b8d10f70d47ebf170c
116,116,116,231,232,116,116,1,2021-03-09T10:15:49,2023-01-11T18:27:02,1987-09-16T10:43:36,67a660b8d10f70d47ebf1716
117,117,117,233,234,117,117,1,2019-07-31T04:33:29,2005-08-10T07:43:57,2024-06-12T01:33:09,67a660b8d10f70d47ebf1720
118,118,118,235,236,118,118,2,1972-11-10T14:02:29,1997-02-09T20:33:14,2008-10-30T23:42:17,67a660b8d10f70d47ebf172a
119,119,119,237,238,119,119,2,1985-11-18T20:00:39,1978-03-24T14:00:52,2015-04-18T07:09:35,67a660b8d10f70d47ebf1734
120,120,120,239,240,120,120,1,1977-01-16T05:45:38,2005-06-03T22:03:19,2015-06-28T20:47:50,67a660b8d10f70d47ebf173e
121,121,121,241,242,121,121,3,1973-06-10T17:25:11,2013-05-07T11:57:34,2003-03-04T09:31:57,67a660b8d10f70d47ebf1748
122,122,122,243,244,122,122,2,2020-04-17T16:48:24,1977-10-11T00:05:50,1994-01-25T09:53:01,67a660b8d10f70d47ebf1752
123,123,123,245,246,123,123,1,2024-01-21T19:53:42,2020-06-12T19:28:31,2003-12-12T11:45:03,67a660b8d10f70d47ebf175c
124,124,124,247,248,124,124,2,1980-08-29T08:32:31,1991-02-23T17:23:32,1999-01-01T22:47:41,67a660b8d10f70d47ebf1766
125,125,125,249,250,125,125,1,2017-12-13T11:42:45,2019-03-14T08:41:13,2025-01-15T22:33:33,67a660b8d10f70d47ebf1770
126,126,126,251,252,126,126,1,1980-09-22T06:10:01,1974-04-30T16:53:56,2020-05-22T09:17:22,67a660b8d10f70d47ebf177a
127,127,127,253,254,127,127,2,1989-12-13T07:35:12,1972-08-03T22:09:21,2006-07-04T22:18:44,67a660b8d10f70d47ebf1784
128,128,128,255,256,128,128,3,2014-01-13T06:09:09,2015-09-07T10:01:42,1998-04-19T11:29:57,67a660b8d10f70d47ebf178e
129,129,129,257,258,129,129,2,2000-08-15T17:48:11,1980-01-01T12:06:50,2005-06-20T20:14:14,67a660b8d10f70d47ebf1798
130,130,130,259,260,130,130,1,2006-04-28T03:12:57,1971-04-01T10:09:58,1976-04-06T20:33:43,67a660b8d10f70d47ebf17a2
131,131,131,261,262,131,131,2,1978-05-11T23:09:09,2021-11-19T15:11:24,2001-05-23T07:32:03,67a660b8d10f70d47ebf17ac
132,132,132,263,264,132,132,1,1970-12-23T23:37:52,1984-07-09T05:52:49,1978-05-15T00:29:56,67a660b8d10f70d47ebf17b6
133,133,133,265,266,133,133,2,1991-01-03T10:30:48,2008-05-11T20:51:46,1982-04-20T21:33:43,67a660b8d10f70d47ebf17c0
134,134,134,267,268,134,134,1,2006-12-23T23:19:29,2007-09-01T13:42:40,2021-06-28T06:13:37,67a660b8d10f70d47ebf17ca
135,135,135,269,270,135,135,2,2024-10-07T22:49:55,2018-06-13T03:32:04,1971-12-08T05:28:51,67a660b8d10f70d47ebf17d4
136,136,136,271,272,136,136,1,1977-03-11T15:22:45,1974-08-24T15:28:05,1993-04-17T05:53:13,67a660b8d10f70d47ebf17de
137,137,137,273,274,137,137,2,1980-07-05T02:32:09,2008-12-12T03:39:00,1977-04-16T06:01:32,67a660b8d10f70d47ebf17e8
138,138,138,275,276,138,138,1,1993-10-31T14:57:32,1980-11-09T08:15:35,1990-12-20T04:37:07,67a660b8d10f70d47ebf17f2
139,139,139,277,278,139,139,2,2005-01-11T00:51:08,1982-07-22T03:00:02,1973-02-23T05:52:00,67a660b8d10f70d47ebf17fc
140,140,140,279,280,140,140,1,1973-06-03T11:04:05,2008-01-27T23:12:39,2007-09-19T01:12:10,67a660b8d10f70d47ebf1806
141,141,141,281,282,141,141,2,1980-01-21T01:06:55,1984-09-08T10:16:08,2001-01-12T02:17:31,67a660b8d10f70d47ebf1810
142,142,142,283,284,142,142,2,1992-02-29T15:24:54,1976-09-27T08:35:10,2023-09-29T12:12:19,67a660b8d10f70d47ebf181a
143,143,143,285,286,143,143,2,2012-01-07T01:55:20,1982-05-09T03:58:29,2004-01-08T08:43:38,67a660b8d10f70d47ebf1824
144,144,144,287,288,144,144,1,1987-05-23T16:28:50,1988-08-28T03:17:54,2024-09-12T09:21:23,67a660b8d10f70d47ebf182e
145,145,145,289,290,145,145,3,2021-08-16T12:56:29,1991-04-23T20:05:05,1983-02-13T05:19:50,67a660b8d10f70d47ebf1838
146,146,146,291,292,146,146,2,1986-09-28T06:48:26,1988-02-01T21:10:27,2002-02-16T02:11:30,67a660b8d10f70d47ebf1842
147,147,147,293,294,147,147,1,1983-09-18T15:21:45,2000-11-11T03:32:11,1998-02-15T11:59:24,67a660b8d10f70d47ebf184c
148,148,148,295,296,148,148,1,2008-12-26T04:58:18,2014-10-03T04:43:50,2020-04-01T08:15:51,67a660b8d10f70d47ebf1856
149,149,149,297,298,149,149,3,2011-04-18T05:39:50,2001-03-28T16:06:44,1977-09-09T00:30:50,67a660b8d10f70d47ebf1860
150,150,150,299,300,150,150,1,1980-07-29T20:32:50,1999-11-27T23:19:32,1993-02-01T03:50:38,67a660b8d10f70d47ebf186a
151,151,151,301,302,151,151,1,2011-09-22T01:54:54,1988-07-15T17:34:49,1985-01-26T07:16:40,67a660b8d10f70d47ebf1874
152,152,152,303,304,152,152,1,2001-06-26T23:26:42,1975-07-28T00:04:08,1977-10-09T21:04:49,67a660b8d10f70d47ebf187e
153,153,153,305,306,153,153,1,2005-09-04T04:07:21,2020-03-30T21:30:22,1974-01-18T14:51:29,67a660b9d10f70d47ebf1888
154,154,154,307,308,154,154,1,1977-12-10T06:30:48,1990-11-20T08:10:23,2015-07-14T16:54:06,67a660b9d10f70d47ebf1892
155,155,155,309,310,155,155,1,1999-05-17T16:08:11,1975-06-21T08:21:14,2001-01-31T19:06:31,67a660b9d10f70d47ebf189c
156,156,156,311,312,156,156,1,1990-08-27T11:54:16,2014-10-08T08:25:53,1997-03-10T03:28:29,67a660b9d10f70d47ebf18a6
157,157,157,313,314,157,157,2,1991-01-23T20:50:19,2009-08-04T13:49:12,2010-06-14T09:52:19,67a660b9d10f70d47ebf18b0
158,158,158,315,316,158,158,2,2012-09-29T01:47:27,1982-02-19T03:58:20,1984-04-22T23:19:51,67a660b9d10f70d47ebf18ba
159,159,159,317,318,159,159,3,2014-05-26T20:43:30,2000-12-19T07:26:40,2003-01-04T19:41:45,67a660b9d10f70d47ebf18c4
160,160,160,319,320,160,160,2,1978-02-12T19:12:35,1985-04-13T09:45:19,1986-07-18T13:09:02,67a660b9d10f70d47ebf18ce
161,161,161,321,322,161,161,2,1997-07-18T09:45:36,1974-09-22T06:43:52,1981-01-05T22:24:58,67a660b9d10f70d47ebf18d8
162,162,162,323,324,162,162,3,1987-09-06T18:56:22,1994-05-19T21:58:42,1973-12-31T09:33:35,67a660b9d10f70d47ebf18e2
163,163,163,325,326,163,163,2,1999-07-24T04:53:02,2013-06-26T10:15:22,2011-12-21T16:12:00,67a660b9d10f70d47ebf18ec
164,164,164,327,328,164,164,1,1986-11-22T03:17:59,1974-08-11T05:38:17,2024-04-07T20:37:45,67a660b9d10f70d47ebf18f6
165,165,165,329,330,165,165,2,1970-06-17T19:43:27,1975-07-22T11:57:08,2014-11-25T15:57:34,67a660b9d10f70d47ebf1900
166,166,166,331,332,166,166,3,2013-02-20T23:35:21,2014-02-28T00:06:56,1992-04-29T20:45:50,67a660b9d10f70d47ebf190a
167,167,167,333,334,167,167,3,2010-01-31T22:17:12,2012-04-16T08:52:37,2020-09-17T22:31:29,67a660b9d10f70d47ebf1914
168,168,168,335,336,168,168,3,1995-06-04T07:22:47,2017-01-29T15:51:34,2000-11-30T04:26:20,67a660b9d10f70d47ebf191e
169,169,169,337,338,169,169,2,2008-04-22T23:41:29,1992-10-30T09:19:24,1992-05-07T01:46:03,67a660b9d10f70d47ebf1928
170,170,170,339,340,170,170,3,2020-09-30T11:13:37,1970-09-22T02:23:39,1978-03-11T02:46:43,67a660b9d10f70d47ebf1932
171,171,171,341,342,171,171,1,1981-01-17T04:57:01,1978-04-20T13:50:52,2018-06-10T10:21:49,67a660b9d10f70d47ebf193c
172,172,172,343,344,172,172,1,2021-09-26T04:13:55,2013-07-09T17:12:20,1977-09-24T18:32:06,67a660b9d10f70d47ebf1946
173,173,173,345,346,173,173,2,1971-10-31T15:10:01,2022-02-08T02:40:13,2006-07-20T22:36:36,67a660b9d10f70d47ebf1950
174,174,174,347,348,174,174,3,2004-09-12T07:24:36,2011-11-28T19:03:11,2022-01-20T21:28:13,67a660b9d10f70d47ebf195a
175,175,175,349,350,175,175,3,1972-10-20T05:34:44,2013-05-26T01:10:01,1971-11-12T02:19:59,67a660b9d10f70d47ebf1964
176,176,176,351,352,176,176,3,2022-05-01T10:43:43,1983-11-03T09:44:15,1976-06-27T16:50:10,67a660b9d10f70d47ebf196e
177,177,177,353,354,177,177,1,2014-02-15T13:02:51,1998-06-23T16:18:19,2003-08-18T04:31:15,67a660b9d10f70d47ebf1978
178,178,178,355,356,178,178,2,2014-05-20T01:00:43,1983-08-25T23:00:07,2007-06-22T00:22:39,67a660b9d10f70d47ebf1982
179,179,179,357,358,179,179,1,1997-11-17T19:17:25,2003-02-07T19:28:32,1982-02-18T15:48:05,67a660b9d10f70d47ebf198c
180,180,180,359,360,180,180,1,1999-03-07T13:43:01,2001-10-15T21:54:03,1986-03-14T06:20:20,67a660b9d10f70d47ebf1996
181,181,181,361,362,181,181,1,1982-04-04T16:20:24,2006-04-13T00:58:55,1979-01-06T01:57:39,67a660b9d10f70d47ebf19a0
182,182,182,363,364,182,182,2,1985-05-12T02:22:35,1996-06-15T13:06:03,2013-10-19T11:21:17,67a660b9d10f70d47ebf19aa
183,183,183,365,366,183,183,1,2011-01-19T20:24:55,1985-04-27T03:40:27,1994-06-17T14:26:44,67a660b9d10f70d47ebf19b4
184,184,184,367,368,184,184,3,2023-11-13T06:23:43,2023-04-09T19:47:26,1993-02-16T06:45:24,67a660b9d10f70d47ebf19be
185,185,185,369,370,185,185,1,1974-04-06T09:17:17,2024-03-24T05:53:29,2004-12-16T12:38:05,67a660b9d10f70d47ebf19c8
186,186,186,371,372,186,186,3,2000-04-30T10:56:59,2012-10-23T08:53:18,1979-10-22T21:34:08,67a660b9d10f70d47ebf19d2
187,187,187,373,374,187,187,1,1998-02-11T22:07:59,1998-05-03T21:35:12,1971-09-20T07:51:34,67a660b9d10f70d47ebf19dc
188,188,188,375,376,188,188,3,1984-03-11T06:47:56,1992-05-16T18:08:44,1972-08-15T04:40:54,67a660b9d10f70d47ebf19e6
189,189,189,377,378,189,189,1,1971-08-23T13:49:08,1977-08-24T12:55:37,1986-07-29T21:11:58,67a660b9d10f70d47ebf19f0
190,190,190,379,380,190,190,3,1980-12-05T03:56:10,2005-08-12T20:27:39,2008-11-09T20:05:26,67a660b9d10f70d47ebf19fa
191,191,191,381,382,191,191,2,2008-10-01T15:45:49,1975-03-17T10:30:37,1995-04-22T04:55:49,67a660b9d10f70d47ebf1a04
192,192,192,383,384,192,192,1,1987-06-21T08:15:55,2021-12-23T00:28:37,1979-03-05T10:51:15,67a660b9d10f70d47ebf1a0e
193,193,193,385,386,193,193,2,2013-02-05T20:42:28,1995-03-08T04:57:10,1993-12-22T18:38:30,67a660b9d10f70d47ebf1a18
194,194,194,387,388,194,194,3,1974-07-24T12:22:24,2018-01-17T14:57:44,1975-12-01T12:27:34,67a660b9d10f70d47ebf1a22
195,195,195,389,390,195,195,1,2020-06-07T21:54:00,1972-11-02T10:42:12,2009-12-10T22:18:45,67a660b9d10f70d47ebf1a2c
196,196,196,391,392,196,196,1,2020-10-07T07:15:37,2008-05-26T04:37:55,2007-05-04T00:47:19,67a660b9d10f70d47ebf1a36
197,197,197,393,394,197,197,3,1978-06-14T04:57:03,1974-01-12T09:59:43,1985-12-30T10:22:03,67a660b9d10f70d47ebf1a40
198,198,198,395,396,198,198,1,2024-03-04T11:40:06,1974-02-06T03:25:50,1999-04-26T17:02:17,67a660b9d10f70d47ebf1a4a
199,199,199,397,398,199,199,3,1983-12-06T20:49:46,1977-11-27T17:33:22,2019-09-05T20:37:47,67a660b9d10f70d47ebf1a54
200,200,200,399,400,200,200,2,1970-06-15T16:18:55,1989-07-10T17:10:46,1993-01-20T21:40:39,67a660b9d10f70d47ebf1a5e
201,201,201,401,402,201,201,1,1981-09-07T16:47:20,2004-11-12T22:44:00,2021-02-21T05:56:15,67a660b9d10f70d47ebf1a68
202,202,202,403,404,202,202,3,1980-07-01T08:49:46,2001-12-30T04:06:40,1987-04-12T22:31:15,67a660b9d10f70d47ebf1a72
203,203,203,405,406,203,203,2,2013-12-29T02:36:56,1970-04-03T17:16:57,1985-10-20T11:48:20,67a660b9d10f70d47ebf1a7c
204,204,204,407,408,204,204,2,1988-03-23T10:22:16,2024-01-23T15:21:37,1991-06-02T00:33:07,67a660b9d10f70d47ebf1a86
205,205,205,409,410,205,205,2,1974-05-22T09:41:08,2019-12-08T18:38:05,1994-11-30T20:27:00,67a660b9d10f70d47ebf1a90
206,206,206,411,412,206,206,3,1988-08-09T23:32:00,1982-12-03T06:09:30,1972-08-27T22:54:07,67a660b9d10f70d47ebf1a9a
207,207,207,413,414,207,207,3,2003-07-19T20:41:37,1996-12-06T02:51:44,2024-10-14T00:17:30,67a660b9d10f70d47ebf1aa4
208,208,208,415,416,208,208,3,2004-12-14T23:55:17,2013-01-29T10:56:17,2022-07-22T00:30:46,67a660b9d10f70d47ebf1aae
209,209,209,417,418,209,209,1,1997-07-26T21:38:04,2021-08-21T11:35:28,2020-09-21T13:35:26,67a660b9d10f70d47ebf1ab8
210,210,210,419,420,210,210,3,1975-06-01T09:08:18,2021-11-25T09:06:11,1996-05-03T00:12:10,67a660b9d10f70d47ebf1ac2
211,211,211,421,422,211,211,3,1992-09-20T09:42:00,1994-12-31T06:35:45,1987-04-27T16:27:00,67a660b9d10f70d47ebf1acc
212,212,212,423,424,212,212,2,2024-05-30T14:06:18,1980-04-28T16:34:33,1977-11-23T03:42:43,67a660b9d10f70d47ebf1ad6
213,213,213,425,426,213,213,2,2019-09-25T17:04:28,1988-04-24T14:41:10,1986-03-25T12:25:37,67a660b9d10f70d47ebf1ae0
214,214,214,427,428,214,214,1,2024-09-27T16:46:36,2006-04-27T19:42:38,2022-05-16T06:31:13,67a660b9d10f70d47ebf1aea
215,215,215,429,430,215,215,3,2023-07-13T17:22:46,2023-10-15T14:59:29,2017-09-20T20:40:18,67a660b9d10f70d47ebf1af4
216,216,216,431,432,216,216,2,1990-11-30T09:17:08,1989-01-14T22:51:04,1983-04-16T17:45:54,67a660b9d10f70d47ebf1afe
217,217,217,433,434,217,217,1,1991-08-29T20:57:45,1975-04-26T06:33:09,2006-08-29T23:37:19,67a660b9d10f70d47ebf1b08
218,218,218,435,436,218,218,1,1986-01-23T18:44:42,1971-08-29T10:17:40,1999-07-03T18:51:51,67a660b9d10f70d47ebf1b12
219,219,219,437,438,219,219,3,2019-09-01T17:39:55,1972-04-28T18:32:21,1995-03-03T08:48:52,67a660b9d10f70d47ebf1b1c
220,220,220,439,440,220,220,3,1991-12-05T07:53:57,1985-05-18T03:32:52,1995-03-16T18:19:12,67a660b9d10f70d47ebf1b26
221,221,221,441,442,221,221,3,2001-08-06T15:39:55,2022-09-07T18:11:23,2017-07-21T17:46:19,67a660b9d10f70d47ebf1b30
222,222,222,443,444,222,222,2,1977-10-12T04:02:08,2013-01-27T10:18:32,1992-11-02T20:24:42,67a660b9d10f70d47ebf1b3a
223,223,223,445,446,223,223,3,2001-12-29T18:32:37,1976-08-29T09:17:03,2021-03-12T06:31:30,67a660b9d10f70d47ebf1b44
224,224,224,447,448,224,224,3,1983-05-18T03:57:30,2015-11-05T13:05:07,1971-05-15T04:19:15,67a660b9d10f70d47ebf1b4e
225,225,225,449,450,225,225,2,1981-06-14T14:52:32,1987-07-19T18:27:16,1985-11-03T23:13:37,67a660b9d10f70d47ebf1b58
226,226,226,451,452,226,226,2,2000-02-08T06:53:29,1971-02-19T19:51:59,1980-11-12T08:14:40,67a660b9d10f70d47ebf1b62
227,227,227,453,454,227,227,2,1977-09-01T22:00:21,1993-12-13T16:17:16,2004-06-20T02:07:11,67a660b9d10f70d47ebf1b6c
228,228,228,455,456,228,228,2,1996-06-14T17:12:15,1973-11-30T02:20:57,1997-05-10T19:03:22,67a660b9d10f70d47ebf1b76
229,229,229,457,458,229,229,1,2013-05-17T01:04:57,1973-09-23T11:47:35,1970-08-26T00:53:50,67a660b9d10f70d47ebf1b80
230,230,230,459,460,230,230,3,1970-11-08T21:39:58,1979-06-10T09:19:36,2009-01-09T19:08:10,67a660b9d10f70d47ebf1b8a
231,231,231,461,462,231,231,3,2020-06-10T03:37:52,2003-09-19T02:35:58,2024-03-23T13:52:05,67a660b9d10f70d47ebf1b94
232,232,232,463,464,232,232,1,1975-08-22T08:36:34,2021-09-19T19:50:51,1970-11-17T01:45:54,67a660b9d10f70d47ebf1b9e
233,233,233,465,466,233,233,1,2019-05-31T13:54:41,1980-11-14T01:58:14,1972-03-20T09:41:22,67a660b9d10f70d47ebf1ba8
234,234,234,467,468,234,234,1,1993-11-24T08:49:34,2019-01-15T01:30:05,1975-05-15T09:22:17,67a660b9d10f70d47ebf1bb2
235,235,235,469,470,235,235,3,1987-02-28T15:55:47,2020-08-23T15:00:34,1986-05-21T22:44:31,67a660b9d10f70d47ebf1bbc
236,236,236,471,472,236,236,3,1982-01-08T18:18:36,1972-01-27T19:56:58,1975-06-15T18:29:37,67a660b9d10f70d47ebf1bc6
237,237,237,473,474,237,237,3,1989-04-04T13:48:55,2013-01-23T13:46:31,2018-02-10T19:37:26,67a660b9d10f70d47ebf1bd0
238,238,238,475,476,238,238,3,1993-03-05T18:21:50,1972-10-17T18:00:40,1976-02-29T19:31:49,67a660b9d10f70d47ebf1bda
239,239,239,477,478,239,239,3,2018-10-20T16:00:31,1989-08-19T00:22:41,1989-09-21T17:20:31,67a660b9d10f70d47ebf1be4
240,240,240,479,480,240,240,3,2020-01-27T07:29:19,2023-06-10T05:02:23,1970-04-13T09:22:21,67a660b9d10f70d47ebf1bee
241,241,241,481,482,241,241,3,1974-12-09T00:50:32,1974-05-30T16:21:35,2011-01-23T20:54:30,67a660b9d10f70d47ebf1bf8
242,242,242,483,484,242,242,3,1989-06-18T02:18:41,1996-12-17T14:29:27,2006-09-24T14:17:06,67a660b9d10f70d47ebf1c02
243,243,243,485,486,243,243,3,2020-01-10T18:02:17,1998-05-23T16:58:19,1989-09-07T13:02:17,67a660b9d10f70d47ebf1c0c
244,244,244,487,488,244,244,1,1982-09-24T14:44:35,1996-08-14T07:26:44,1995-12-24T17:26:30,67a660b9d10f70d47ebf1c16
245,245,245,489,490,245,245,1,2001-03-22T15:47:41,1998-03-30T06:32:44,1986-04-07T21:09:20,67a660b9d10f70d47ebf1c20
246,246,246,491,492,246,246,2,1988-05-14T11:54:32,2008-01-29T18:22:42,1990-04-06T10:18:35,67a660b9d10f70d47ebf1c2a
247,247,247,493,494,247,247,3,1978-07-06T18:58:40,1982-02-23T12:50:12,1995-08-03T13:20:54,67a660b9d10f70d47ebf1c34
248,248,248,495,496,248,248,2,1985-03-22T10:14:37,2013-08-11T14:27:09,1987-03-31T08:36:30,67a660b9d10f70d47ebf1c3e
249,249,249,497,498,249,249,1,2008-02-13T10:06:27,1979-12-21T09:27:31,1971-08-24T00:41:32,67a660b9d10f70d47ebf1c48
250,250,250,499,500,250,250,2,2022-08-20T03:30:15,1998-02-13T16:34:27,1992-03-21T01:05:47,67a660b9d10f70d47ebf1c52
251,251,251,501,502,251,251,1,1975-09-29T18:26:48,2024-07-17T06:20:02,1972-11-10T07:38:24,67a660b9d10f70d47ebf1c5c
252,252,252,503,504,252,252,3,2018-07-03T06:57:48,1995-03-04T11:40:32,2022-11-02T20:44:42,67a660b9d10f70d47ebf1c66
253,253,253,505,506,253,253,1,1970-08-31T06:39:30,2014-01-04T15:13:12,2021-05-08T23:51:13,67a660b9d10f70d47ebf1c70
254,254,254,507,508,254,254,2,1997-03-01T17:18:07,1985-12-28T17:30:58,2007-09-28T08:18:55,67a660b9d10f70d47ebf1c7a
255,255,255,509,510,255,255,3,2005-09-19T20:27:21,1978-10-07T04:49:46,1977-02-19T18:42:49,67a660b9d10f70d47ebf1c84
256,256,256,511,512,256,256,2,2010-11-29T15:03:58,1972-04-29T04:35:24,1976-05-31T17:05:52,67a660b9d10f70d47ebf1c8e
257,257,257,513,514,257,257,1,2004-05-16T04:12:12,1977-03-05T16:26:48,1993-01-06T10:06:52,67a660b9d10f70d47ebf1c98
258,258,258,515,516,258,258,1,1991-01-30T02:36:25,1994-05-27T03:21:47,1980-01-04T11:14:26,67a660b9d10f70d47ebf1ca2
259,259,259,517,518,259,259,2,2004-07-12T16:06:53,1975-02-25T14:13:52,1994-09-29T09:33:13,67a660b9d10f70d47ebf1cac
260,260,260,519,520,260,260,2,1982-06-17T23:12:09,1990-03-21T18:08:20,2018-05-14T00:39:48,67a660b9d10f70d47ebf1cb6
261,261,261,521,522,261,261,1,1995-04-09T06:00:00,2003-05-11T10:37:36,1970-07-21T04:01:09,67a660b9d10f70d47ebf1cc0
262,262,262,523,524,262,262,2,1980-02-03T15:49:41,2013-12-25T10:20:46,1997-12-21T09:04:30,67a660b9d10f70d47ebf1cca
263,263,263,525,526,263,263,3,1995-05-03T01:20:36,2014-01-10T11:17:05,1985-08-12T23:31:13,67a660b9d10f70d47ebf1cd4
264,264,264,527,528,264,264,3,1984-06-05T18:52:29,1985-06-29T23:43:41,1993-07-18T20:19:31,67a660b9d10f70d47ebf1cde
265,265,265,529,530,265,265,1,2004-01-21T13:39:43,2025-01-20T13:23:20,1976-02-11T13:09:33,67a660b9d10f70d47ebf1ce8
266,266,266,531,532,266,266,1,1992-01-18T00:12:44,1973-01-03T00:19:19,1972-11-05T03:40:43,67a660b9d10f70d47ebf1cf2
267,267,267,533,534,267,267,2,2018-11-23T01:08:25,2021-07-05T06:19:32,1993-03-30T00:36:48,67a660b9d10f70d47ebf1cfc
268,268,268,535,536,268,268,2,1990-09-19T10:15:09,1973-10-02T09:40:39,1984-12-24T01:36:10,67a660b9d10f70d47ebf1d06
269,269,269,537,538,269,269,1,2022-11-22T12:27:41,1972-09-18T21:51:37,1987-08-25T23:23:17,67a660b9d10f70d47ebf1d10
270,270,270,539,540,270,270,1,1991-12-30T20:01:51,2007-03-13T16:41:09,2006-03-12T14:57:48,67a660b9d10f70d47ebf1d1a
271,271,271,541,542,271,271,1,2021-05-30T13:48:03,1981-10-18T03:00:32,2012-05-01T11:44:53,67a660b9d10f70d47ebf1d24
272,272,272,543,544,272,272,1,2003-05-27T09:04:42,1978-04-24T12:08:24,1972-06-28T20:20:57,67a660b9d10f70d47ebf1d2e
273,273,273,545,546,273,273,3,1977-06-06T19:13:44,2018-01-27T16:12:52,1982-08-03T01:28:42,67a660b9d10f70d47ebf1d38
274,274,274,547,548,274,274,1,1985-12-07T21:20:10,2010-02-04T06:59:29,2021-04-23T16:38:29,67a660b9d10f70d47ebf1d42
275,275,275,549,550,275,275,2,1985-07-14T06:37:11,2003-07-22T22:25:44,1987-07-09T20:02:47,67a660b9d10f70d47ebf1d4c
276,276,276,551,552,276,276,1,1998-10-16T15:58:08,1990-05-13T01:28:35,1988-11-29T18:48:56,67a660b9d10f70d47ebf1d56
277,277,277,553,554,277,277,2,2017-08-08T08:40:54,1973-03-14T13:32:42,1984-10-20T09:39:54,67a660b9d10f70d47ebf1d60
278,278,278,555,556,278,278,3,1974-05-25T15:09:49,1980-06-16T02:46:23,2024-06-02T09:50:31,67a660b9d10f70d47ebf1d6a
279,279,279,557,558,279,279,3,1971-10-30T16:51:35,1972-02-12T02:17:03,2008-03-21T18:46:28,67a660b9d10f70d47ebf1d74
280,280,280,559,560,280,280,3,1974-11-12T03:02:06,2011-03-19T04:32:20,1993-08-19T15:24:29,67a660b9d10f70d47ebf1d7e
281,281,281,561,562,281,281,3,2016-08-07T08:51:22,1975-04-17T17:17:15,1996-05-28T16:39:02,67a660b9d10f70d47ebf1d88
282,282,282,563,564,282,282,2,1980-03-06T10:57:21,1995-12-05T02:39:11,1995-03-19T14:27:18,67a660b9d10f70d47ebf1d92
283,283,283,565,566,283,283,3,2014-11-23T19:06:41,2010-11-26T23:07:22,2003-02-12T21:35:53,67a660b9d10f70d47ebf1d9c
284,284,284,567,568,284,284,2,1989-11-01T10:45:38,2012-08-12T23:11:08,1998-01-15T04:00:30,67a660b9d10f70d47ebf1da6
285,285,285,569,570,285,285,3,1975-12-26T18:23:35,1993-05-31T13:23:02,1987-10-21T20:50:04,67a660b9d10f70d47ebf1db0
286,286,286,571,572,286,286,1,2010-04-02T18:47:26,2015-11-25T14:30:07,1981-01-25T05:53:01,67a660b9d10f70d47ebf1dba
287,287,287,573,574,287,287,2,1986-07-21T23:00:03,2018-06-27T02:57:55,1993-03-11T01:54:06,67a660b9d10f70d47ebf1dc4
288,288,288,575,576,288,288,3,2017-08-18T04:06:31,1982-04-11T20:13:10,2013-01-13T02:01:27,67a660b9d10f70d47ebf1dce
289,289,289,577,578,289,289,2,1979-02-28T01:28:04,2009-07-22T06:01:13,2001-10-13T19:24:21,67a660b9d10f70d47ebf1dd8
290,290,290,579,580,290,290,2,1986-06-18T09:42:22,2024-02-09T04:57:10,1982-06-01T01:38:08,67a660b9d10f70d47ebf1de2
291,291,291,581,582,291,291,2,1995-06-13T06:28:10,1970-07-25T11:02:03,2003-10-01T02:44:00,67a660b9d10f70d47ebf1dec
292,292,292,583,584,292,292,1,1979-08-25T16:27:42,1994-03-11T09:27:16,1994-03-15T08:37:02,67a660b9d10f70d47ebf1df6
293,293,293,585,586,293,293,3,2008-06-03T01:42:19,2006-04-14T07:28:54,2022-10-12T01:06:25,67a660b9d10f70d47ebf1e00
294,294,294,587,588,294,294,1,1975-11-30T17:21:05,1982-02-07T11:07:36,1974-01-09T16:55:34,67a660b9d10f70d47ebf1e0a
295,295,295,589,590,295,295,1,1985-06-26T04:05:10,1970-10-17T04:47:23,1976-09-27T19:50:26,67a660b9d10f70d47ebf1e14
296,296,296,591,592,296,296,1,1997-06-19T01:16:03,2013-06-19T18:33:42,1988-03-22T05:04:04,67a660b9d10f70d47ebf1e1e
297,297,297,593,594,297,297,2,2006-11-15T08:52:07,2010-10-02T17:28:05,1999-12-29T19:07:16,67a660b9d10f70d47ebf1e28
298,298,298,595,596,298,298,2,1971-06-18T02:51:46,2000-12-30T03:25:52,2012-05-20T11:29:06,67a660b9d10f70d47ebf1e32
299,299,299,597,598,299,299,1,1973-10-24T00:04:09,1998-05-12T06:35:22,2016-03-31T10:58:47,67a660b9d10f70d47ebf1e3c
300,300,300,599,600,300,300,3,2019-03-16T07:04:46,1994-05-26T17:01:35,1984-04-08T02:16:02,67a660b9d10f70d47ebf1e46
